0,0,0,0,NaN
0,0,0,1,NaN
0,0,1,0,NaN
0,0,1,1,NaN
0,0,2,0,NaN
0,0,2,1,NaN
0,0,3,0,NaN
0,0,3,1,NaN
0,1,0,0,4.2407562597799474E8
0,1,0,1,6.920082206210878E8
0,1,1,0,4.2407562597799474E8
0,1,1,1,6.920082206210874E8
0,1,2,0,NaN
0,1,2,1,NaN
0,1,3,0,NaN
0,1,3,1,NaN
0,2,0,0,NaN
0,2,0,1,NaN
0,2,1,0,3.292829896415499E8
0,2,1,1,6.213294466986607E8
0,2,2,0,NaN
0,2,2,1,NaN
0,2,3,0,NaN
0,2,3,1,NaN
0,3,0,0,NaN
0,3,0,1,NaN
0,3,1,0,2.6343245350774676E8
0,3,1,1,5.644040014692221E8
0,3,2,0,NaN
0,3,2,1,NaN
0,3,3,0,NaN
0,3,3,1,NaN
0,4,0,0,NaN
0,4,0,1,NaN
0,4,1,0,2.1562222456443352E8
0,4,1,1,5.048260767318E8
0,4,2,0,NaN
0,4,2,1,NaN
0,4,3,0,NaN
0,4,3,1,NaN
0,5,0,0,NaN
0,5,0,1,NaN
0,5,1,0,1.797428394074081E8
0,5,1,1,4.495591551824841E8
0,5,2,0,NaN
0,5,2,1,NaN
0,5,3,0,NaN
0,5,3,1,NaN
0,6,0,0,NaN
0,6,0,1,NaN
0,6,1,0,NaN
0,6,1,1,4.0304450711749494E8
0,6,2,0,NaN
0,6,2,1,NaN
0,6,3,0,NaN
0,6,3,1,NaN
0,7,0,0,NaN
0,7,0,1,NaN
0,7,1,0,NaN
0,7,1,1,3.645196146960284E8
0,7,2,0,NaN
0,7,2,1,NaN
0,7,3,0,NaN
0,7,3,1,NaN
0,8,0,0,NaN
0,8,0,1,NaN
0,8,1,0,NaN
0,8,1,1,3.323978639913469E8
0,8,2,0,NaN
0,8,2,1,NaN
0,8,3,0,NaN
0,8,3,1,NaN
0,9,0,0,NaN
0,9,0,1,NaN
0,9,1,0,9.851481166327302E7
0,9,1,1,3.0531596851282424E8
0,9,2,0,NaN
0,9,2,1,NaN
0,9,3,0,NaN
0,9,3,1,NaN
1,0,0,0,NaN
1,0,0,1,NaN
1,0,1,0,NaN
1,0,1,1,NaN
1,0,2,0,NaN
1,0,2,1,NaN
1,0,3,0,NaN
1,0,3,1,NaN
1,1,0,0,3.310335322317609E8
1,1,0,1,6.303925802042103E8
1,1,1,0,3.310335322317609E8
1,1,1,1,6.303925802042102E8
1,1,2,0,NaN
1,1,2,1,NaN
1,1,3,0,NaN
1,1,3,1,NaN
1,2,0,0,NaN
1,2,0,1,NaN
1,2,1,0,2.639661086559119E8
1,2,1,1,NaN
1,2,2,0,NaN
1,2,2,1,NaN
1,2,3,0,NaN
1,2,3,1,NaN
1,3,0,0,NaN
1,3,0,1,NaN
1,3,1,0,2.1595380810378018E8
1,3,1,1,NaN
1,3,2,0,NaN
1,3,2,1,NaN
1,3,3,0,NaN
1,3,3,1,NaN
1,4,0,0,NaN
1,4,0,1,NaN
1,4,1,0,1.800301094420646E8
1,4,1,1,4.5923796536802536E8
1,4,2,0,NaN
1,4,2,1,NaN
1,4,3,0,NaN
1,4,3,1,NaN
1,5,0,0,NaN
1,5,0,1,NaN
1,5,1,0,1.5232421458928046E8
1,5,1,1,NaN
1,5,2,0,NaN
1,5,2,1,NaN
1,5,3,0,NaN
1,5,3,1,NaN
1,6,0,0,NaN
1,6,0,1,NaN
1,6,1,0,1.3047672541491272E8
1,6,1,1,NaN
1,6,2,0,NaN
1,6,2,1,NaN
1,6,3,0,NaN
1,6,3,1,NaN
1,7,0,0,NaN
1,7,0,1,NaN
1,7,1,0,NaN
1,7,1,1,NaN
1,7,2,0,NaN
1,7,2,1,NaN
1,7,3,0,NaN
1,7,3,1,NaN
1,8,0,0,NaN
1,8,0,1,NaN
1,8,1,0,9.865180145682304E7
1,8,1,1,3.1017900197774106E8
1,8,2,0,NaN
1,8,2,1,NaN
1,8,3,0,NaN
1,8,3,1,NaN
1,9,0,0,NaN
1,9,0,1,NaN
1,9,1,0,8.686251330354726E7
1,9,1,1,NaN
1,9,2,0,NaN
1,9,2,1,NaN
1,9,3,0,NaN
1,9,3,1,NaN
2,0,0,0,NaN
2,0,0,1,NaN
2,0,1,0,NaN
2,0,1,1,NaN
2,0,2,0,NaN
2,0,2,1,NaN
2,0,3,0,NaN
2,0,3,1,NaN
2,1,0,0,2.6555544932538402E8
2,1,0,1,5.782034559733727E8
2,1,1,0,2.6555544932538402E8
2,1,1,1,5.782034559733727E8
2,1,2,0,NaN
2,1,2,1,NaN
2,1,3,0,NaN
2,1,3,1,NaN
2,2,0,0,NaN
2,2,0,1,NaN
2,2,1,0,2.1641774832431754E8
2,2,1,1,NaN
2,2,2,0,NaN
2,2,2,1,NaN
2,2,3,0,NaN
2,2,3,1,NaN
2,3,0,0,NaN
2,3,0,1,NaN
2,3,1,0,1.8025673100456446E8
2,3,1,1,NaN
2,3,2,0,NaN
2,3,2,1,NaN
2,3,3,0,NaN
2,3,3,1,NaN
2,4,0,0,NaN
2,4,0,1,NaN
2,4,1,0,1.5248533979245177E8
2,4,1,1,NaN
2,4,2,0,NaN
2,4,2,1,NaN
2,4,3,0,NaN
2,4,3,1,NaN
2,5,0,0,NaN
2,5,0,1,NaN
2,5,1,0,1.3061200000647435E8
2,5,1,1,NaN
2,5,2,0,NaN
2,5,2,1,NaN
2,5,3,0,NaN
2,5,3,1,NaN
2,6,0,0,NaN
2,6,0,1,NaN
2,6,1,0,1.1305567103860156E8
2,6,1,1,NaN
2,6,2,0,NaN
2,6,2,1,NaN
2,6,3,0,NaN
2,6,3,1,NaN
2,7,0,0,NaN
2,7,0,1,NaN
2,7,1,0,9.874909434870577E7
2,7,1,1,3.146127528518913E8
2,7,2,0,NaN
2,7,2,1,NaN
2,7,3,0,NaN
2,7,3,1,NaN
2,8,0,0,NaN
2,8,0,1,NaN
2,8,1,0,NaN
2,8,1,1,NaN
2,8,2,0,NaN
2,8,2,1,NaN
2,8,3,0,NaN
2,8,3,1,NaN
2,9,0,0,NaN
2,9,0,1,NaN
2,9,1,0,7.708186931324369E7
2,9,1,1,NaN
2,9,2,0,NaN
2,9,2,1,NaN
2,9,3,0,NaN
2,9,3,1,NaN
3,0,0,0,NaN
3,0,0,1,NaN
3,0,1,0,2.700629819041163E8
3,0,1,1,NaN
3,0,2,0,NaN
3,0,2,1,NaN
3,0,3,0,NaN
3,0,3,1,NaN
3,1,0,0,2.1779928237249473E8
3,1,0,1,5.226200768142913E8
3,1,1,0,NaN
3,1,1,1,5.226200768142913E8
3,1,2,0,NaN
3,1,2,1,NaN
3,1,3,0,NaN
3,1,3,1,NaN
3,2,0,0,NaN
3,2,0,1,NaN
3,2,1,0,NaN
3,2,1,1,NaN
3,2,2,0,NaN
3,2,2,1,NaN
3,2,3,0,NaN
3,2,3,1,NaN
3,3,0,0,NaN
3,3,0,1,NaN
3,3,1,0,NaN
3,3,1,1,NaN
3,3,2,0,NaN
3,3,2,1,NaN
3,3,3,0,NaN
3,3,3,1,NaN
3,4,0,0,NaN
3,4,0,1,NaN
3,4,1,0,1.3071604149497113E8
3,4,1,1,3.809527379579907E8
3,4,2,0,NaN
3,4,2,1,NaN
3,4,3,0,NaN
3,4,3,1,NaN
3,5,0,0,NaN
3,5,0,1,NaN
3,5,1,0,NaN
3,5,1,1,NaN
3,5,2,0,NaN
3,5,2,1,NaN
3,5,3,0,NaN
3,5,3,1,NaN
3,6,0,0,NaN
3,6,0,1,NaN
3,6,1,0,9.88075415061913E7
3,6,1,1,3.1821431684387594E8
3,6,2,0,NaN
3,6,2,1,NaN
3,6,3,0,NaN
3,6,3,1,NaN
3,7,0,0,NaN
3,7,0,1,NaN
3,7,1,0,NaN
3,7,1,1,NaN
3,7,2,0,NaN
3,7,2,1,NaN
3,7,3,0,NaN
3,7,3,1,NaN
3,8,0,0,NaN
3,8,0,1,NaN
3,8,1,0,NaN
3,8,1,1,NaN
3,8,2,0,NaN
3,8,2,1,NaN
3,8,3,0,NaN
3,8,3,1,NaN
3,9,0,0,NaN
3,9,0,1,NaN
3,9,1,0,6.879912657299526E7
3,9,1,1,2.535077093892634E8
3,9,2,0,NaN
3,9,2,1,NaN
3,9,3,0,NaN
3,9,3,1,NaN
4,0,0,0,NaN
4,0,0,1,NaN
4,0,1,0,NaN
4,0,1,1,NaN
4,0,2,0,NaN
4,0,2,1,NaN
4,0,3,0,NaN
4,0,3,1,NaN
4,1,0,0,NaN
4,1,0,1,NaN
4,1,1,0,NaN
4,1,1,1,NaN
4,1,2,0,NaN
4,1,2,1,NaN
4,1,3,0,NaN
4,1,3,1,NaN
4,2,0,0,NaN
4,2,0,1,NaN
4,2,1,0,NaN
4,2,1,1,NaN
4,2,2,0,NaN
4,2,2,1,NaN
4,2,3,0,NaN
4,2,3,1,NaN
4,3,0,0,NaN
4,3,0,1,NaN
4,3,1,0,NaN
4,3,1,1,NaN
4,3,2,0,NaN
4,3,2,1,NaN
4,3,3,0,NaN
4,3,3,1,NaN
4,4,0,0,NaN
4,4,0,1,NaN
4,4,1,0,NaN
4,4,1,1,NaN
4,4,2,0,NaN
4,4,2,1,NaN
4,4,3,0,NaN
4,4,3,1,NaN
4,5,0,0,NaN
4,5,0,1,NaN
4,5,1,0,9.885846655330215E7
4,5,1,1,3.2066373709813964E8
4,5,2,0,NaN
4,5,2,1,NaN
4,5,3,0,NaN
4,5,3,1,NaN
4,6,0,0,NaN
4,6,0,1,NaN
4,6,1,0,NaN
4,6,1,1,2.959619435068088E8
4,6,2,0,NaN
4,6,2,1,NaN
4,6,3,0,NaN
4,6,3,1,NaN
4,7,0,0,NaN
4,7,0,1,NaN
4,7,1,0,NaN
4,7,1,1,NaN
4,7,2,0,NaN
4,7,2,1,NaN
4,7,3,0,NaN
4,7,3,1,NaN
4,8,0,0,NaN
4,8,0,1,NaN
4,8,1,0,NaN
4,8,1,1,NaN
4,8,2,0,NaN
4,8,2,1,NaN
4,8,3,0,NaN
4,8,3,1,NaN
4,9,0,0,NaN
4,9,0,1,NaN
4,9,1,0,NaN
4,9,1,1,NaN
4,9,2,0,NaN
4,9,2,1,NaN
4,9,3,0,NaN
4,9,3,1,NaN
5,0,0,0,NaN
5,0,0,1,NaN
5,0,1,0,NaN
5,0,1,1,NaN
5,0,2,0,NaN
5,0,2,1,NaN
5,0,3,0,NaN
5,0,3,1,NaN
5,1,0,0,1.5397367894357193E8
5,1,0,1,4.22990960442663E8
5,1,1,0,NaN
5,1,1,1,NaN
5,1,2,0,NaN
5,1,2,1,NaN
5,1,3,0,NaN
5,1,3,1,NaN
5,2,0,0,NaN
5,2,0,1,NaN
5,2,1,0,NaN
5,2,1,1,NaN
5,2,2,0,NaN
5,2,2,1,NaN
5,2,3,0,NaN
5,2,3,1,NaN
5,3,0,0,NaN
5,3,0,1,NaN
5,3,1,0,NaN
5,3,1,1,NaN
5,3,2,0,NaN
5,3,2,1,NaN
5,3,3,0,NaN
5,3,3,1,NaN
5,4,0,0,NaN
5,4,0,1,NaN
5,4,1,0,9.893499626283397E7
5,4,1,1,3.2196226395984024E8
5,4,2,0,NaN
5,4,2,1,NaN
5,4,3,0,NaN
5,4,3,1,NaN
5,5,0,0,NaN
5,5,0,1,NaN
5,5,1,0,NaN
5,5,1,1,NaN
5,5,2,0,NaN
5,5,2,1,NaN
5,5,3,0,NaN
5,5,3,1,NaN
5,6,0,0,NaN
5,6,0,1,NaN
5,6,1,0,NaN
5,6,1,1,NaN
5,6,2,0,NaN
5,6,2,1,NaN
5,6,3,0,NaN
5,6,3,1,NaN
5,7,0,0,NaN
5,7,0,1,NaN
5,7,1,0,NaN
5,7,1,1,NaN
5,7,2,0,NaN
5,7,2,1,NaN
5,7,3,0,NaN
5,7,3,1,NaN
5,8,0,0,NaN
5,8,0,1,NaN
5,8,1,0,NaN
5,8,1,1,NaN
5,8,2,0,NaN
5,8,2,1,NaN
5,8,3,0,NaN
5,8,3,1,NaN
5,9,0,0,NaN
5,9,0,1,NaN
5,9,1,0,NaN
5,9,1,1,NaN
5,9,2,0,NaN
5,9,2,1,NaN
5,9,3,0,NaN
5,9,3,1,NaN
6,0,0,0,NaN
6,0,0,1,NaN
6,0,1,0,1.558252416368137E8
6,0,1,1,NaN
6,0,2,0,NaN
6,0,2,1,NaN
6,0,3,0,NaN
6,0,3,1,NaN
6,1,0,0,1.3198257743769537E8
6,1,0,1,3.837307983253322E8
6,1,1,0,1.3198257743769537E8
6,1,1,1,NaN
6,1,2,0,NaN
6,1,2,1,NaN
6,1,3,0,NaN
6,1,3,1,NaN
6,2,0,0,NaN
6,2,0,1,NaN
6,2,1,0,1.136698602748363E8
6,2,1,1,NaN
6,2,2,0,NaN
6,2,2,1,NaN
6,2,3,0,NaN
6,2,3,1,NaN
6,3,0,0,NaN
6,3,0,1,NaN
6,3,1,0,9.906710770299126E7
6,3,1,1,3.224287218100651E8
6,3,2,0,NaN
6,3,2,1,NaN
6,3,3,0,NaN
6,3,3,1,NaN
6,4,0,0,NaN
6,4,0,1,NaN
6,4,1,0,8.7135959703603E7
6,4,1,1,NaN
6,4,2,0,NaN
6,4,2,1,NaN
6,4,3,0,NaN
6,4,3,1,NaN
6,5,0,0,NaN
6,5,0,1,NaN
6,5,1,0,7.721305942532134E7
6,5,1,1,NaN
6,5,2,0,NaN
6,5,2,1,NaN
6,5,3,0,NaN
6,5,3,1,NaN
6,6,0,0,NaN
6,6,0,1,NaN
6,6,1,0,6.886478909677447E7
6,6,1,1,NaN
6,6,2,0,NaN
6,6,2,1,NaN
6,6,3,0,NaN
6,6,3,1,NaN
6,7,0,0,NaN
6,7,0,1,NaN
6,7,1,0,NaN
6,7,1,1,NaN
6,7,2,0,NaN
6,7,2,1,NaN
6,7,3,0,NaN
6,7,3,1,NaN
6,8,0,0,NaN
6,8,0,1,NaN
6,8,1,0,NaN
6,8,1,1,NaN
6,8,2,0,NaN
6,8,2,1,NaN
6,8,3,0,NaN
6,8,3,1,NaN
6,9,0,0,NaN
6,9,0,1,NaN
6,9,1,0,5.045633017412123E7
6,9,1,1,NaN
6,9,2,0,NaN
6,9,2,1,NaN
6,9,3,0,NaN
6,9,3,1,NaN
7,0,0,0,NaN
7,0,0,1,NaN
7,0,1,0,NaN
7,0,1,1,NaN
7,0,2,0,NaN
7,0,2,1,NaN
7,0,3,0,NaN
7,0,3,1,NaN
7,1,0,0,1.1429414686170411E8
7,1,0,1,NaN
7,1,1,0,NaN
7,1,1,1,NaN
7,1,2,0,NaN
7,1,2,1,NaN
7,1,3,0,NaN
7,1,3,1,NaN
7,2,0,0,NaN
7,2,0,1,NaN
7,2,1,0,9.933328402369398E7
7,2,1,1,3.224837672331317E8
7,2,2,0,NaN
7,2,2,1,NaN
7,2,3,0,NaN
7,2,3,1,NaN
7,3,0,0,NaN
7,3,0,1,NaN
7,3,1,0,NaN
7,3,1,1,NaN
7,3,2,0,NaN
7,3,2,1,NaN
7,3,3,0,NaN
7,3,3,1,NaN
7,4,0,0,NaN
7,4,0,1,NaN
7,4,1,0,NaN
7,4,1,1,NaN
7,4,2,0,NaN
7,4,2,1,NaN
7,4,3,0,NaN
7,4,3,1,NaN
7,5,0,0,NaN
7,5,0,1,NaN
7,5,1,0,NaN
7,5,1,1,NaN
7,5,2,0,NaN
7,5,2,1,NaN
7,5,3,0,NaN
7,5,3,1,NaN
7,6,0,0,NaN
7,6,0,1,NaN
7,6,1,0,NaN
7,6,1,1,NaN
7,6,2,0,NaN
7,6,2,1,NaN
7,6,3,0,NaN
7,6,3,1,NaN
7,7,0,0,NaN
7,7,0,1,NaN
7,7,1,0,NaN
7,7,1,1,NaN
7,7,2,0,NaN
7,7,2,1,NaN
7,7,3,0,NaN
7,7,3,1,NaN
7,8,0,0,NaN
7,8,0,1,NaN
7,8,1,0,NaN
7,8,1,1,NaN
7,8,2,0,NaN
7,8,2,1,NaN
7,8,3,0,NaN
7,8,3,1,NaN
7,9,0,0,NaN
7,9,0,1,NaN
7,9,1,0,NaN
7,9,1,1,NaN
7,9,2,0,NaN
7,9,2,1,NaN
7,9,3,0,NaN
7,9,3,1,NaN
8,0,0,0,NaN
8,0,0,1,NaN
8,0,1,0,NaN
8,0,1,1,NaN
8,0,2,0,NaN
8,0,2,1,NaN
8,0,3,0,NaN
8,0,3,1,NaN
8,1,0,0,9.98580121125052E7
8,1,0,1,3.22487951026043E8
8,1,1,0,9.98580121125051E7
8,1,1,1,3.22487951026043E8
8,1,2,0,NaN
8,1,2,1,NaN
8,1,3,0,NaN
8,1,3,1,NaN
8,2,0,0,NaN
8,2,0,1,NaN
8,2,1,0,8.750145047227825E7
8,2,1,1,NaN
8,2,2,0,NaN
8,2,2,1,NaN
8,2,3,0,NaN
8,2,3,1,NaN
8,3,0,0,NaN
8,3,0,1,NaN
8,3,1,0,NaN
8,3,1,1,NaN
8,3,2,0,NaN
8,3,2,1,NaN
8,3,3,0,NaN
8,3,3,1,NaN
8,4,0,0,NaN
8,4,0,1,NaN
8,4,1,0,6.896037633472693E7
8,4,1,1,2.5977315700511074E8
8,4,2,0,NaN
8,4,2,1,NaN
8,4,3,0,NaN
8,4,3,1,NaN
8,5,0,0,NaN
8,5,0,1,NaN
8,5,1,0,NaN
8,5,1,1,NaN
8,5,2,0,NaN
8,5,2,1,NaN
8,5,3,0,NaN
8,5,3,1,NaN
8,6,0,0,NaN
8,6,0,1,NaN
8,6,1,0,5.5729760269741006E7
8,6,1,1,NaN
8,6,2,0,NaN
8,6,2,1,NaN
8,6,3,0,NaN
8,6,3,1,NaN
8,7,0,0,NaN
8,7,0,1,NaN
8,7,1,0,NaN
8,7,1,1,NaN
8,7,2,0,NaN
8,7,2,1,NaN
8,7,3,0,NaN
8,7,3,1,NaN
8,8,0,0,NaN
8,8,0,1,NaN
8,8,1,0,NaN
8,8,1,1,NaN
8,8,2,0,NaN
8,8,2,1,NaN
8,8,3,0,NaN
8,8,3,1,NaN
8,9,0,0,NaN
8,9,0,1,NaN
8,9,1,0,4.193835354787472E7
8,9,1,1,NaN
8,9,2,0,NaN
8,9,2,1,NaN
8,9,3,0,NaN
8,9,3,1,NaN
9,0,0,0,NaN
9,0,0,1,NaN
9,0,1,0,1.0079924574505726E8
9,0,1,1,NaN
9,0,2,0,NaN
9,0,2,1,NaN
9,0,3,0,NaN
9,0,3,1,NaN
9,1,0,0,NaN
9,1,0,1,NaN
9,1,1,0,NaN
9,1,1,1,NaN
9,1,2,0,NaN
9,1,2,1,NaN
9,1,3,0,NaN
9,1,3,1,NaN
9,2,0,0,NaN
9,2,0,1,NaN
9,2,1,0,NaN
9,2,1,1,NaN
9,2,2,0,NaN
9,2,2,1,NaN
9,2,3,0,NaN
9,2,3,1,NaN
9,3,0,0,NaN
9,3,0,1,NaN
9,3,1,0,NaN
9,3,1,1,NaN
9,3,2,0,NaN
9,3,2,1,NaN
9,3,3,0,NaN
9,3,3,1,NaN
9,4,0,0,NaN
9,4,0,1,NaN
9,4,1,0,NaN
9,4,1,1,NaN
9,4,2,0,NaN
9,4,2,1,NaN
9,4,3,0,NaN
9,4,3,1,NaN
9,5,0,0,NaN
9,5,0,1,NaN
9,5,1,0,NaN
9,5,1,1,NaN
9,5,2,0,NaN
9,5,2,1,NaN
9,5,3,0,NaN
9,5,3,1,NaN
9,6,0,0,NaN
9,6,0,1,NaN
9,6,1,0,NaN
9,6,1,1,NaN
9,6,2,0,NaN
9,6,2,1,NaN
9,6,3,0,NaN
9,6,3,1,NaN
9,7,0,0,NaN
9,7,0,1,NaN
9,7,1,0,NaN
9,7,1,1,NaN
9,7,2,0,NaN
9,7,2,1,NaN
9,7,3,0,NaN
9,7,3,1,NaN
9,8,0,0,NaN
9,8,0,1,NaN
9,8,1,0,NaN
9,8,1,1,NaN
9,8,2,0,NaN
9,8,2,1,NaN
9,8,3,0,NaN
9,8,3,1,NaN
9,9,0,0,NaN
9,9,0,1,NaN
9,9,1,0,NaN
9,9,1,1,NaN
9,9,2,0,NaN
9,9,2,1,NaN
9,9,3,0,NaN
9,9,3,1,NaN
10,0,0,0,NaN
10,0,0,1,NaN
10,0,1,0,NaN
10,0,1,1,NaN
10,0,2,0,NaN
10,0,2,1,NaN
10,0,3,0,NaN
10,0,3,1,NaN
10,1,0,0,7.797034043570013E7
10,1,0,1,NaN
10,1,1,0,7.797034043569987E7
10,1,1,1,NaN
10,1,2,0,NaN
10,1,2,1,NaN
10,1,3,0,NaN
10,1,3,1,NaN
10,2,0,0,NaN
10,2,0,1,NaN
10,2,1,0,NaN
10,2,1,1,NaN
10,2,2,0,NaN
10,2,2,1,NaN
10,2,3,0,NaN
10,2,3,1,NaN
10,3,0,0,NaN
10,3,0,1,NaN
10,3,1,0,NaN
10,3,1,1,NaN
10,3,2,0,NaN
10,3,2,1,NaN
10,3,3,0,NaN
10,3,3,1,NaN
10,4,0,0,NaN
10,4,0,1,NaN
10,4,1,0,5.581372937437308E7
10,4,1,1,NaN
10,4,2,0,NaN
10,4,2,1,NaN
10,4,3,0,NaN
10,4,3,1,NaN
10,5,0,0,NaN
10,5,0,1,NaN
10,5,1,0,NaN
10,5,1,1,NaN
10,5,2,0,NaN
10,5,2,1,NaN
10,5,3,0,NaN
10,5,3,1,NaN
10,6,0,0,NaN
10,6,0,1,NaN
10,6,1,0,NaN
10,6,1,1,NaN
10,6,2,0,NaN
10,6,2,1,NaN
10,6,3,0,NaN
10,6,3,1,NaN
10,7,0,0,NaN
10,7,0,1,NaN
10,7,1,0,4.1956076590674266E7
10,7,1,1,NaN
10,7,2,0,NaN
10,7,2,1,NaN
10,7,3,0,NaN
10,7,3,1,NaN
10,8,0,0,NaN
10,8,0,1,NaN
10,8,1,0,NaN
10,8,1,1,NaN
10,8,2,0,NaN
10,8,2,1,NaN
10,8,3,0,NaN
10,8,3,1,NaN
10,9,0,0,NaN
10,9,0,1,NaN
10,9,1,0,3.5366750082585774E7
10,9,1,1,NaN
10,9,2,0,NaN
10,9,2,1,NaN
10,9,3,0,NaN
10,9,3,1,NaN
11,0,0,0,NaN
11,0,0,1,NaN
11,0,1,0,NaN
11,0,1,1,NaN
11,0,2,0,NaN
11,0,2,1,NaN
11,0,3,0,NaN
11,0,3,1,NaN
11,1,0,0,NaN
11,1,0,1,NaN
11,1,1,0,NaN
11,1,1,1,NaN
11,1,2,0,NaN
11,1,2,1,NaN
11,1,3,0,NaN
11,1,3,1,NaN
11,2,0,0,NaN
11,2,0,1,NaN
11,2,1,0,NaN
11,2,1,1,NaN
11,2,2,0,NaN
11,2,2,1,NaN
11,2,3,0,NaN
11,2,3,1,NaN
11,3,0,0,NaN
11,3,0,1,NaN
11,3,1,0,NaN
11,3,1,1,NaN
11,3,2,0,NaN
11,3,2,1,NaN
11,3,3,0,NaN
11,3,3,1,NaN
11,4,0,0,NaN
11,4,0,1,NaN
11,4,1,0,NaN
11,4,1,1,NaN
11,4,2,0,NaN
11,4,2,1,NaN
11,4,3,0,NaN
11,4,3,1,NaN
11,5,0,0,NaN
11,5,0,1,NaN
11,5,1,0,NaN
11,5,1,1,NaN
11,5,2,0,NaN
11,5,2,1,NaN
11,5,3,0,NaN
11,5,3,1,NaN
11,6,0,0,NaN
11,6,0,1,NaN
11,6,1,0,NaN
11,6,1,1,NaN
11,6,2,0,NaN
11,6,2,1,NaN
11,6,3,0,NaN
11,6,3,1,NaN
11,7,0,0,NaN
11,7,0,1,NaN
11,7,1,0,NaN
11,7,1,1,NaN
11,7,2,0,NaN
11,7,2,1,NaN
11,7,3,0,NaN
11,7,3,1,NaN
11,8,0,0,NaN
11,8,0,1,NaN
11,8,1,0,NaN
11,8,1,1,NaN
11,8,2,0,NaN
11,8,2,1,NaN
11,8,3,0,NaN
11,8,3,1,NaN
11,9,0,0,NaN
11,9,0,1,NaN
11,9,1,0,NaN
11,9,1,1,NaN
11,9,2,0,NaN
11,9,2,1,NaN
11,9,3,0,NaN
11,9,3,1,NaN
12,0,0,0,NaN
12,0,0,1,NaN
12,0,1,0,NaN
12,0,1,1,NaN
12,0,2,0,NaN
12,0,2,1,NaN
12,0,3,0,NaN
12,0,3,1,NaN
12,1,0,0,6.241012117429696E7
12,1,0,1,NaN
12,1,1,0,NaN
12,1,1,1,2.293622370602488E8
12,1,2,0,NaN
12,1,2,1,NaN
12,1,3,0,NaN
12,1,3,1,NaN
12,2,0,0,NaN
12,2,0,1,NaN
12,2,1,0,NaN
12,2,1,1,NaN
12,2,2,0,NaN
12,2,2,1,NaN
12,2,3,0,NaN
12,2,3,1,NaN
12,3,0,0,NaN
12,3,0,1,NaN
12,3,1,0,NaN
12,3,1,1,NaN
12,3,2,0,NaN
12,3,2,1,NaN
12,3,3,0,NaN
12,3,3,1,NaN
12,4,0,0,NaN
12,4,0,1,NaN
12,4,1,0,4.2052309721286744E7
12,4,1,1,NaN
12,4,2,0,NaN
12,4,2,1,NaN
12,4,3,0,NaN
12,4,3,1,NaN
12,5,0,0,NaN
12,5,0,1,NaN
12,5,1,0,NaN
12,5,1,1,NaN
12,5,2,0,NaN
12,5,2,1,NaN
12,5,3,0,NaN
12,5,3,1,NaN
12,6,0,0,NaN
12,6,0,1,NaN
12,6,1,0,NaN
12,6,1,1,NaN
12,6,2,0,NaN
12,6,2,1,NaN
12,6,3,0,NaN
12,6,3,1,NaN
12,7,0,0,NaN
12,7,0,1,NaN
12,7,1,0,NaN
12,7,1,1,NaN
12,7,2,0,NaN
12,7,2,1,NaN
12,7,3,0,NaN
12,7,3,1,NaN
12,8,0,0,NaN
12,8,0,1,NaN
12,8,1,0,NaN
12,8,1,1,NaN
12,8,2,0,NaN
12,8,2,1,NaN
12,8,3,0,NaN
12,8,3,1,NaN
12,9,0,0,NaN
12,9,0,1,NaN
12,9,1,0,NaN
12,9,1,1,NaN
12,9,2,0,NaN
12,9,2,1,NaN
12,9,3,0,NaN
12,9,3,1,NaN
13,0,0,0,NaN
13,0,0,1,NaN
13,0,1,0,NaN
13,0,1,1,NaN
13,0,2,0,NaN
13,0,2,1,NaN
13,0,3,0,NaN
13,0,3,1,NaN
13,1,0,0,NaN
13,1,0,1,2.293622370602488E8
13,1,1,0,NaN
13,1,1,1,NaN
13,1,2,0,NaN
13,1,2,1,NaN
13,1,3,0,NaN
13,1,3,1,NaN
13,2,0,0,NaN
13,2,0,1,NaN
13,2,1,0,NaN
13,2,1,1,NaN
13,2,2,0,NaN
13,2,2,1,NaN
13,2,3,0,NaN
13,2,3,1,NaN
13,3,0,0,NaN
13,3,0,1,NaN
13,3,1,0,NaN
13,3,1,1,NaN
13,3,2,0,NaN
13,3,2,1,NaN
13,3,3,0,NaN
13,3,3,1,NaN
13,4,0,0,NaN
13,4,0,1,NaN
13,4,1,0,NaN
13,4,1,1,1.9573211830438098E8
13,4,2,0,NaN
13,4,2,1,NaN
13,4,3,0,NaN
13,4,3,1,NaN
13,5,0,0,NaN
13,5,0,1,NaN
13,5,1,0,NaN
13,5,1,1,NaN
13,5,2,0,NaN
13,5,2,1,NaN
13,5,3,0,NaN
13,5,3,1,NaN
13,6,0,0,NaN
13,6,0,1,NaN
13,6,1,0,NaN
13,6,1,1,NaN
13,6,2,0,NaN
13,6,2,1,NaN
13,6,3,0,NaN
13,6,3,1,NaN
13,7,0,0,NaN
13,7,0,1,NaN
13,7,1,0,NaN
13,7,1,1,NaN
13,7,2,0,NaN
13,7,2,1,NaN
13,7,3,0,NaN
13,7,3,1,NaN
13,8,0,0,NaN
13,8,0,1,NaN
13,8,1,0,NaN
13,8,1,1,NaN
13,8,2,0,NaN
13,8,2,1,NaN
13,8,3,0,NaN
13,8,3,1,NaN
13,9,0,0,NaN
13,9,0,1,NaN
13,9,1,0,NaN
13,9,1,1,NaN
13,9,2,0,NaN
13,9,2,1,NaN
13,9,3,0,NaN
13,9,3,1,NaN
14,0,0,0,NaN
14,0,0,1,NaN
14,0,1,0,NaN
14,0,1,1,NaN
14,0,2,0,NaN
14,0,2,1,NaN
14,0,3,0,NaN
14,0,3,1,NaN
14,1,0,0,5.099051873220245E7
14,1,0,1,NaN
14,1,1,0,NaN
14,1,1,1,NaN
14,1,2,0,NaN
14,1,2,1,NaN
14,1,3,0,NaN
14,1,3,1,NaN
14,2,0,0,NaN
14,2,0,1,NaN
14,2,1,0,NaN
14,2,1,1,NaN
14,2,2,0,NaN
14,2,2,1,NaN
14,2,3,0,NaN
14,2,3,1,NaN
14,3,0,0,NaN
14,3,0,1,NaN
14,3,1,0,NaN
14,3,1,1,NaN
14,3,2,0,NaN
14,3,2,1,NaN
14,3,3,0,NaN
14,3,3,1,NaN
14,4,0,0,NaN
14,4,0,1,NaN
14,4,1,0,NaN
14,4,1,1,NaN
14,4,2,0,NaN
14,4,2,1,NaN
14,4,3,0,NaN
14,4,3,1,NaN
14,5,0,0,NaN
14,5,0,1,NaN
14,5,1,0,NaN
14,5,1,1,NaN
14,5,2,0,NaN
14,5,2,1,NaN
14,5,3,0,NaN
14,5,3,1,NaN
14,6,0,0,NaN
14,6,0,1,NaN
14,6,1,0,NaN
14,6,1,1,NaN
14,6,2,0,NaN
14,6,2,1,NaN
14,6,3,0,NaN
14,6,3,1,NaN
14,7,0,0,NaN
14,7,0,1,NaN
14,7,1,0,NaN
14,7,1,1,NaN
14,7,2,0,NaN
14,7,2,1,NaN
14,7,3,0,NaN
14,7,3,1,NaN
14,8,0,0,NaN
14,8,0,1,NaN
14,8,1,0,NaN
14,8,1,1,NaN
14,8,2,0,NaN
14,8,2,1,NaN
14,8,3,0,NaN
14,8,3,1,NaN
14,9,0,0,NaN
14,9,0,1,NaN
14,9,1,0,NaN
14,9,1,1,NaN
14,9,2,0,NaN
14,9,2,1,NaN
14,9,3,0,NaN
14,9,3,1,NaN
15,0,0,0,NaN
15,0,0,1,NaN
15,0,1,0,NaN
15,0,1,1,NaN
15,0,2,0,NaN
15,0,2,1,NaN
15,0,3,0,NaN
15,0,3,1,NaN
15,1,0,0,NaN
15,1,0,1,NaN
15,1,1,0,NaN
15,1,1,1,NaN
15,1,2,0,NaN
15,1,2,1,NaN
15,1,3,0,NaN
15,1,3,1,NaN
15,2,0,0,NaN
15,2,0,1,NaN
15,2,1,0,NaN
15,2,1,1,NaN
15,2,2,0,NaN
15,2,2,1,NaN
15,2,3,0,NaN
15,2,3,1,NaN
15,3,0,0,NaN
15,3,0,1,NaN
15,3,1,0,NaN
15,3,1,1,NaN
15,3,2,0,NaN
15,3,2,1,NaN
15,3,3,0,NaN
15,3,3,1,NaN
15,4,0,0,NaN
15,4,0,1,NaN
15,4,1,0,NaN
15,4,1,1,NaN
15,4,2,0,NaN
15,4,2,1,NaN
15,4,3,0,NaN
15,4,3,1,NaN
15,5,0,0,NaN
15,5,0,1,NaN
15,5,1,0,NaN
15,5,1,1,NaN
15,5,2,0,NaN
15,5,2,1,NaN
15,5,3,0,NaN
15,5,3,1,NaN
15,6,0,0,NaN
15,6,0,1,NaN
15,6,1,0,NaN
15,6,1,1,NaN
15,6,2,0,NaN
15,6,2,1,NaN
15,6,3,0,NaN
15,6,3,1,NaN
15,7,0,0,NaN
15,7,0,1,NaN
15,7,1,0,NaN
15,7,1,1,NaN
15,7,2,0,NaN
15,7,2,1,NaN
15,7,3,0,NaN
15,7,3,1,NaN
15,8,0,0,NaN
15,8,0,1,NaN
15,8,1,0,NaN
15,8,1,1,NaN
15,8,2,0,NaN
15,8,2,1,NaN
15,8,3,0,NaN
15,8,3,1,NaN
15,9,0,0,NaN
15,9,0,1,NaN
15,9,1,0,NaN
15,9,1,1,NaN
15,9,2,0,NaN
15,9,2,1,NaN
15,9,3,0,NaN
15,9,3,1,NaN
16,0,0,0,NaN
16,0,0,1,NaN
16,0,1,0,NaN
16,0,1,1,NaN
16,0,2,0,NaN
16,0,2,1,NaN
16,0,3,0,NaN
16,0,3,1,NaN
16,1,0,0,NaN
16,1,0,1,NaN
16,1,1,0,NaN
16,1,1,1,NaN
16,1,2,0,NaN
16,1,2,1,NaN
16,1,3,0,NaN
16,1,3,1,NaN
16,2,0,0,NaN
16,2,0,1,NaN
16,2,1,0,NaN
16,2,1,1,NaN
16,2,2,0,NaN
16,2,2,1,NaN
16,2,3,0,NaN
16,2,3,1,NaN
16,3,0,0,NaN
16,3,0,1,NaN
16,3,1,0,NaN
16,3,1,1,NaN
16,3,2,0,NaN
16,3,2,1,NaN
16,3,3,0,NaN
16,3,3,1,NaN
16,4,0,0,NaN
16,4,0,1,NaN
16,4,1,0,NaN
16,4,1,1,NaN
16,4,2,0,NaN
16,4,2,1,NaN
16,4,3,0,NaN
16,4,3,1,NaN
16,5,0,0,NaN
16,5,0,1,NaN
16,5,1,0,NaN
16,5,1,1,NaN
16,5,2,0,NaN
16,5,2,1,NaN
16,5,3,0,NaN
16,5,3,1,NaN
16,6,0,0,NaN
16,6,0,1,NaN
16,6,1,0,NaN
16,6,1,1,NaN
16,6,2,0,NaN
16,6,2,1,NaN
16,6,3,0,NaN
16,6,3,1,NaN
16,7,0,0,NaN
16,7,0,1,NaN
16,7,1,0,NaN
16,7,1,1,NaN
16,7,2,0,NaN
16,7,2,1,NaN
16,7,3,0,NaN
16,7,3,1,NaN
16,8,0,0,NaN
16,8,0,1,NaN
16,8,1,0,NaN
16,8,1,1,NaN
16,8,2,0,NaN
16,8,2,1,NaN
16,8,3,0,NaN
16,8,3,1,NaN
16,9,0,0,NaN
16,9,0,1,NaN
16,9,1,0,NaN
16,9,1,1,NaN
16,9,2,0,NaN
16,9,2,1,NaN
16,9,3,0,NaN
16,9,3,1,NaN
17,0,0,0,NaN
17,0,0,1,NaN
17,0,1,0,NaN
17,0,1,1,NaN
17,0,2,0,NaN
17,0,2,1,NaN
17,0,3,0,NaN
17,0,3,1,NaN
17,1,0,0,NaN
17,1,0,1,NaN
17,1,1,0,NaN
17,1,1,1,NaN
17,1,2,0,NaN
17,1,2,1,NaN
17,1,3,0,NaN
17,1,3,1,NaN
17,2,0,0,NaN
17,2,0,1,NaN
17,2,1,0,NaN
17,2,1,1,NaN
17,2,2,0,NaN
17,2,2,1,NaN
17,2,3,0,NaN
17,2,3,1,NaN
17,3,0,0,NaN
17,3,0,1,NaN
17,3,1,0,NaN
17,3,1,1,NaN
17,3,2,0,NaN
17,3,2,1,NaN
17,3,3,0,NaN
17,3,3,1,NaN
17,4,0,0,NaN
17,4,0,1,NaN
17,4,1,0,NaN
17,4,1,1,NaN
17,4,2,0,NaN
17,4,2,1,NaN
17,4,3,0,NaN
17,4,3,1,NaN
17,5,0,0,NaN
17,5,0,1,NaN
17,5,1,0,NaN
17,5,1,1,NaN
17,5,2,0,NaN
17,5,2,1,NaN
17,5,3,0,NaN
17,5,3,1,NaN
17,6,0,0,NaN
17,6,0,1,NaN
17,6,1,0,NaN
17,6,1,1,NaN
17,6,2,0,NaN
17,6,2,1,NaN
17,6,3,0,NaN
17,6,3,1,NaN
17,7,0,0,NaN
17,7,0,1,NaN
17,7,1,0,NaN
17,7,1,1,NaN
17,7,2,0,NaN
17,7,2,1,NaN
17,7,3,0,NaN
17,7,3,1,NaN
17,8,0,0,NaN
17,8,0,1,NaN
17,8,1,0,NaN
17,8,1,1,NaN
17,8,2,0,NaN
17,8,2,1,NaN
17,8,3,0,NaN
17,8,3,1,NaN
17,9,0,0,NaN
17,9,0,1,NaN
17,9,1,0,NaN
17,9,1,1,NaN
17,9,2,0,NaN
17,9,2,1,NaN
17,9,3,0,NaN
17,9,3,1,NaN
18,0,0,0,NaN
18,0,0,1,NaN
18,0,1,0,NaN
18,0,1,1,NaN
18,0,2,0,NaN
18,0,2,1,NaN
18,0,3,0,NaN
18,0,3,1,NaN
18,1,0,0,3.573293634406266E7
18,1,0,1,1.7768486182860887E8
18,1,1,0,3.573293634406266E7
18,1,1,1,1.7768486182860887E8
18,1,2,0,NaN
18,1,2,1,NaN
18,1,3,0,NaN
18,1,3,1,NaN
18,2,0,0,NaN
18,2,0,1,NaN
18,2,1,0,3.285715785162029E7
18,2,1,1,NaN
18,2,2,0,NaN
18,2,2,1,NaN
18,2,3,0,NaN
18,2,3,1,NaN
18,3,0,0,NaN
18,3,0,1,NaN
18,3,1,0,3.0346911225752544E7
18,3,1,1,NaN
18,3,2,0,NaN
18,3,2,1,NaN
18,3,3,0,NaN
18,3,3,1,NaN
18,4,0,0,NaN
18,4,0,1,NaN
18,4,1,0,2.8121703622200906E7
18,4,1,1,1.5678551903018007E8
18,4,2,0,NaN
18,4,2,1,NaN
18,4,3,0,NaN
18,4,3,1,NaN
18,5,0,0,NaN
18,5,0,1,NaN
18,5,1,0,2.6135974468474515E7
18,5,1,1,NaN
18,5,2,0,NaN
18,5,2,1,NaN
18,5,3,0,NaN
18,5,3,1,NaN
18,6,0,0,NaN
18,6,0,1,NaN
18,6,1,0,NaN
18,6,1,1,NaN
18,6,2,0,NaN
18,6,2,1,NaN
18,6,3,0,NaN
18,6,3,1,NaN
18,7,0,0,NaN
18,7,0,1,NaN
18,7,1,0,NaN
18,7,1,1,NaN
18,7,2,0,NaN
18,7,2,1,NaN
18,7,3,0,NaN
18,7,3,1,NaN
18,8,0,0,NaN
18,8,0,1,NaN
18,8,1,0,NaN
18,8,1,1,NaN
18,8,2,0,NaN
18,8,2,1,NaN
18,8,3,0,NaN
18,8,3,1,NaN
18,9,0,0,NaN
18,9,0,1,NaN
18,9,1,0,NaN
18,9,1,1,NaN
18,9,2,0,NaN
18,9,2,1,NaN
18,9,3,0,NaN
18,9,3,1,NaN
19,0,0,0,NaN
19,0,0,1,NaN
19,0,1,0,NaN
19,0,1,1,NaN
19,0,2,0,NaN
19,0,2,1,NaN
19,0,3,0,NaN
19,0,3,1,NaN
19,1,0,0,NaN
19,1,0,1,NaN
19,1,1,0,NaN
19,1,1,1,NaN
19,1,2,0,NaN
19,1,2,1,NaN
19,1,3,0,NaN
19,1,3,1,NaN
19,2,0,0,NaN
19,2,0,1,NaN
19,2,1,0,NaN
19,2,1,1,NaN
19,2,2,0,NaN
19,2,2,1,NaN
19,2,3,0,NaN
19,2,3,1,NaN
19,3,0,0,NaN
19,3,0,1,NaN
19,3,1,0,NaN
19,3,1,1,NaN
19,3,2,0,NaN
19,3,2,1,NaN
19,3,3,0,NaN
19,3,3,1,NaN
19,4,0,0,NaN
19,4,0,1,NaN
19,4,1,0,NaN
19,4,1,1,NaN
19,4,2,0,NaN
19,4,2,1,NaN
19,4,3,0,NaN
19,4,3,1,NaN
19,5,0,0,NaN
19,5,0,1,NaN
19,5,1,0,NaN
19,5,1,1,NaN
19,5,2,0,NaN
19,5,2,1,NaN
19,5,3,0,NaN
19,5,3,1,NaN
19,6,0,0,NaN
19,6,0,1,NaN
19,6,1,0,NaN
19,6,1,1,NaN
19,6,2,0,NaN
19,6,2,1,NaN
19,6,3,0,NaN
19,6,3,1,NaN
19,7,0,0,NaN
19,7,0,1,NaN
19,7,1,0,NaN
19,7,1,1,NaN
19,7,2,0,NaN
19,7,2,1,NaN
19,7,3,0,NaN
19,7,3,1,NaN
19,8,0,0,NaN
19,8,0,1,NaN
19,8,1,0,NaN
19,8,1,1,NaN
19,8,2,0,NaN
19,8,2,1,NaN
19,8,3,0,NaN
19,8,3,1,NaN
19,9,0,0,NaN
19,9,0,1,NaN
19,9,1,0,NaN
19,9,1,1,NaN
19,9,2,0,NaN
19,9,2,1,NaN
19,9,3,0,NaN
19,9,3,1,NaN
20,0,0,0,NaN
20,0,0,1,NaN
20,0,1,0,NaN
20,0,1,1,NaN
20,0,2,0,NaN
20,0,2,1,NaN
20,0,3,0,NaN
20,0,3,1,NaN
20,1,0,0,NaN
20,1,0,1,NaN
20,1,1,0,NaN
20,1,1,1,NaN
20,1,2,0,NaN
20,1,2,1,NaN
20,1,3,0,NaN
20,1,3,1,NaN
20,2,0,0,NaN
20,2,0,1,NaN
20,2,1,0,NaN
20,2,1,1,NaN
20,2,2,0,NaN
20,2,2,1,NaN
20,2,3,0,NaN
20,2,3,1,NaN
20,3,0,0,NaN
20,3,0,1,NaN
20,3,1,0,NaN
20,3,1,1,NaN
20,3,2,0,NaN
20,3,2,1,NaN
20,3,3,0,NaN
20,3,3,1,NaN
20,4,0,0,NaN
20,4,0,1,NaN
20,4,1,0,NaN
20,4,1,1,NaN
20,4,2,0,NaN
20,4,2,1,NaN
20,4,3,0,NaN
20,4,3,1,NaN
20,5,0,0,NaN
20,5,0,1,NaN
20,5,1,0,NaN
20,5,1,1,NaN
20,5,2,0,NaN
20,5,2,1,NaN
20,5,3,0,NaN
20,5,3,1,NaN
20,6,0,0,NaN
20,6,0,1,NaN
20,6,1,0,NaN
20,6,1,1,NaN
20,6,2,0,NaN
20,6,2,1,NaN
20,6,3,0,NaN
20,6,3,1,NaN
20,7,0,0,NaN
20,7,0,1,NaN
20,7,1,0,NaN
20,7,1,1,NaN
20,7,2,0,NaN
20,7,2,1,NaN
20,7,3,0,NaN
20,7,3,1,NaN
20,8,0,0,NaN
20,8,0,1,NaN
20,8,1,0,NaN
20,8,1,1,NaN
20,8,2,0,NaN
20,8,2,1,NaN
20,8,3,0,NaN
20,8,3,1,NaN
20,9,0,0,NaN
20,9,0,1,NaN
20,9,1,0,NaN
20,9,1,1,NaN
20,9,2,0,NaN
20,9,2,1,NaN
20,9,3,0,NaN
20,9,3,1,NaN
21,0,0,0,NaN
21,0,0,1,NaN
21,0,1,0,NaN
21,0,1,1,NaN
21,0,2,0,NaN
21,0,2,1,NaN
21,0,3,0,NaN
21,0,3,1,NaN
21,1,0,0,NaN
21,1,0,1,NaN
21,1,1,0,NaN
21,1,1,1,NaN
21,1,2,0,NaN
21,1,2,1,NaN
21,1,3,0,NaN
21,1,3,1,NaN
21,2,0,0,NaN
21,2,0,1,NaN
21,2,1,0,NaN
21,2,1,1,NaN
21,2,2,0,NaN
21,2,2,1,NaN
21,2,3,0,NaN
21,2,3,1,NaN
21,3,0,0,NaN
21,3,0,1,NaN
21,3,1,0,NaN
21,3,1,1,NaN
21,3,2,0,NaN
21,3,2,1,NaN
21,3,3,0,NaN
21,3,3,1,NaN
21,4,0,0,NaN
21,4,0,1,NaN
21,4,1,0,NaN
21,4,1,1,NaN
21,4,2,0,NaN
21,4,2,1,NaN
21,4,3,0,NaN
21,4,3,1,NaN
21,5,0,0,NaN
21,5,0,1,NaN
21,5,1,0,NaN
21,5,1,1,NaN
21,5,2,0,NaN
21,5,2,1,NaN
21,5,3,0,NaN
21,5,3,1,NaN
21,6,0,0,NaN
21,6,0,1,NaN
21,6,1,0,NaN
21,6,1,1,NaN
21,6,2,0,NaN
21,6,2,1,NaN
21,6,3,0,NaN
21,6,3,1,NaN
21,7,0,0,NaN
21,7,0,1,NaN
21,7,1,0,NaN
21,7,1,1,NaN
21,7,2,0,NaN
21,7,2,1,NaN
21,7,3,0,NaN
21,7,3,1,NaN
21,8,0,0,NaN
21,8,0,1,NaN
21,8,1,0,NaN
21,8,1,1,NaN
21,8,2,0,NaN
21,8,2,1,NaN
21,8,3,0,NaN
21,8,3,1,NaN
21,9,0,0,NaN
21,9,0,1,NaN
21,9,1,0,NaN
21,9,1,1,NaN
21,9,2,0,NaN
21,9,2,1,NaN
21,9,3,0,NaN
21,9,3,1,NaN
22,0,0,0,NaN
22,0,0,1,NaN
22,0,1,0,NaN
22,0,1,1,NaN
22,0,2,0,NaN
22,0,2,1,NaN
22,0,3,0,NaN
22,0,3,1,NaN
22,1,0,0,NaN
22,1,0,1,NaN
22,1,1,0,NaN
22,1,1,1,NaN
22,1,2,0,NaN
22,1,2,1,NaN
22,1,3,0,NaN
22,1,3,1,NaN
22,2,0,0,NaN
22,2,0,1,NaN
22,2,1,0,NaN
22,2,1,1,NaN
22,2,2,0,NaN
22,2,2,1,NaN
22,2,3,0,NaN
22,2,3,1,NaN
22,3,0,0,NaN
22,3,0,1,NaN
22,3,1,0,NaN
22,3,1,1,NaN
22,3,2,0,NaN
22,3,2,1,NaN
22,3,3,0,NaN
22,3,3,1,NaN
22,4,0,0,NaN
22,4,0,1,NaN
22,4,1,0,NaN
22,4,1,1,NaN
22,4,2,0,NaN
22,4,2,1,NaN
22,4,3,0,NaN
22,4,3,1,NaN
22,5,0,0,NaN
22,5,0,1,NaN
22,5,1,0,NaN
22,5,1,1,NaN
22,5,2,0,NaN
22,5,2,1,NaN
22,5,3,0,NaN
22,5,3,1,NaN
22,6,0,0,NaN
22,6,0,1,NaN
22,6,1,0,NaN
22,6,1,1,NaN
22,6,2,0,NaN
22,6,2,1,NaN
22,6,3,0,NaN
22,6,3,1,NaN
22,7,0,0,NaN
22,7,0,1,NaN
22,7,1,0,NaN
22,7,1,1,NaN
22,7,2,0,NaN
22,7,2,1,NaN
22,7,3,0,NaN
22,7,3,1,NaN
22,8,0,0,NaN
22,8,0,1,NaN
22,8,1,0,NaN
22,8,1,1,NaN
22,8,2,0,NaN
22,8,2,1,NaN
22,8,3,0,NaN
22,8,3,1,NaN
22,9,0,0,NaN
22,9,0,1,NaN
22,9,1,0,NaN
22,9,1,1,NaN
22,9,2,0,NaN
22,9,2,1,NaN
22,9,3,0,NaN
22,9,3,1,NaN
23,0,0,0,NaN
23,0,0,1,NaN
23,0,1,0,NaN
23,0,1,1,NaN
23,0,2,0,NaN
23,0,2,1,NaN
23,0,3,0,NaN
23,0,3,1,NaN
23,1,0,0,NaN
23,1,0,1,NaN
23,1,1,0,NaN
23,1,1,1,NaN
23,1,2,0,NaN
23,1,2,1,NaN
23,1,3,0,NaN
23,1,3,1,NaN
23,2,0,0,NaN
23,2,0,1,NaN
23,2,1,0,NaN
23,2,1,1,NaN
23,2,2,0,NaN
23,2,2,1,NaN
23,2,3,0,NaN
23,2,3,1,NaN
23,3,0,0,NaN
23,3,0,1,NaN
23,3,1,0,NaN
23,3,1,1,NaN
23,3,2,0,NaN
23,3,2,1,NaN
23,3,3,0,NaN
23,3,3,1,NaN
23,4,0,0,NaN
23,4,0,1,NaN
23,4,1,0,NaN
23,4,1,1,NaN
23,4,2,0,NaN
23,4,2,1,NaN
23,4,3,0,NaN
23,4,3,1,NaN
23,5,0,0,NaN
23,5,0,1,NaN
23,5,1,0,NaN
23,5,1,1,NaN
23,5,2,0,NaN
23,5,2,1,NaN
23,5,3,0,NaN
23,5,3,1,NaN
23,6,0,0,NaN
23,6,0,1,NaN
23,6,1,0,NaN
23,6,1,1,NaN
23,6,2,0,NaN
23,6,2,1,NaN
23,6,3,0,NaN
23,6,3,1,NaN
23,7,0,0,NaN
23,7,0,1,NaN
23,7,1,0,NaN
23,7,1,1,NaN
23,7,2,0,NaN
23,7,2,1,NaN
23,7,3,0,NaN
23,7,3,1,NaN
23,8,0,0,NaN
23,8,0,1,NaN
23,8,1,0,NaN
23,8,1,1,NaN
23,8,2,0,NaN
23,8,2,1,NaN
23,8,3,0,NaN
23,8,3,1,NaN
23,9,0,0,NaN
23,9,0,1,NaN
23,9,1,0,NaN
23,9,1,1,NaN
23,9,2,0,NaN
23,9,2,1,NaN
23,9,3,0,NaN
23,9,3,1,NaN
24,0,0,0,NaN
24,0,0,1,NaN
24,0,1,0,NaN
24,0,1,1,NaN
24,0,2,0,NaN
24,0,2,1,NaN
24,0,3,0,NaN
24,0,3,1,NaN
24,1,0,0,2.295288037960491E7
24,1,0,1,NaN
24,1,1,0,NaN
24,1,1,1,1.3979568579935834E8
24,1,2,0,NaN
24,1,2,1,NaN
24,1,3,0,NaN
24,1,3,1,NaN
24,2,0,0,NaN
24,2,0,1,NaN
24,2,1,0,NaN
24,2,1,1,NaN
24,2,2,0,NaN
24,2,2,1,NaN
24,2,3,0,NaN
24,2,3,1,NaN
24,3,0,0,NaN
24,3,0,1,NaN
24,3,1,0,NaN
24,3,1,1,NaN
24,3,2,0,NaN
24,3,2,1,NaN
24,3,3,0,NaN
24,3,3,1,NaN
24,4,0,0,NaN
24,4,0,1,NaN
24,4,1,0,NaN
24,4,1,1,NaN
24,4,2,0,NaN
24,4,2,1,NaN
24,4,3,0,NaN
24,4,3,1,NaN
24,5,0,0,NaN
24,5,0,1,NaN
24,5,1,0,NaN
24,5,1,1,NaN
24,5,2,0,NaN
24,5,2,1,NaN
24,5,3,0,NaN
24,5,3,1,NaN
24,6,0,0,NaN
24,6,0,1,NaN
24,6,1,0,NaN
24,6,1,1,NaN
24,6,2,0,NaN
24,6,2,1,NaN
24,6,3,0,NaN
24,6,3,1,NaN
24,7,0,0,NaN
24,7,0,1,NaN
24,7,1,0,NaN
24,7,1,1,NaN
24,7,2,0,NaN
24,7,2,1,NaN
24,7,3,0,NaN
24,7,3,1,NaN
24,8,0,0,NaN
24,8,0,1,NaN
24,8,1,0,NaN
24,8,1,1,NaN
24,8,2,0,NaN
24,8,2,1,NaN
24,8,3,0,NaN
24,8,3,1,NaN
24,9,0,0,NaN
24,9,0,1,NaN
24,9,1,0,NaN
24,9,1,1,NaN
24,9,2,0,NaN
24,9,2,1,NaN
24,9,3,0,NaN
24,9,3,1,NaN
25,0,0,0,NaN
25,0,0,1,NaN
25,0,1,0,NaN
25,0,1,1,NaN
25,0,2,0,NaN
25,0,2,1,NaN
25,0,3,0,NaN
25,0,3,1,NaN
25,1,0,0,NaN
25,1,0,1,NaN
25,1,1,0,NaN
25,1,1,1,NaN
25,1,2,0,NaN
25,1,2,1,NaN
25,1,3,0,NaN
25,1,3,1,NaN
25,2,0,0,NaN
25,2,0,1,NaN
25,2,1,0,NaN
25,2,1,1,NaN
25,2,2,0,NaN
25,2,2,1,NaN
25,2,3,0,NaN
25,2,3,1,NaN
25,3,0,0,NaN
25,3,0,1,NaN
25,3,1,0,NaN
25,3,1,1,NaN
25,3,2,0,NaN
25,3,2,1,NaN
25,3,3,0,NaN
25,3,3,1,NaN
25,4,0,0,NaN
25,4,0,1,NaN
25,4,1,0,NaN
25,4,1,1,NaN
25,4,2,0,NaN
25,4,2,1,NaN
25,4,3,0,NaN
25,4,3,1,NaN
25,5,0,0,NaN
25,5,0,1,NaN
25,5,1,0,NaN
25,5,1,1,NaN
25,5,2,0,NaN
25,5,2,1,NaN
25,5,3,0,NaN
25,5,3,1,NaN
25,6,0,0,NaN
25,6,0,1,NaN
25,6,1,0,NaN
25,6,1,1,NaN
25,6,2,0,NaN
25,6,2,1,NaN
25,6,3,0,NaN
25,6,3,1,NaN
25,7,0,0,NaN
25,7,0,1,NaN
25,7,1,0,NaN
25,7,1,1,NaN
25,7,2,0,NaN
25,7,2,1,NaN
25,7,3,0,NaN
25,7,3,1,NaN
25,8,0,0,NaN
25,8,0,1,NaN
25,8,1,0,NaN
25,8,1,1,NaN
25,8,2,0,NaN
25,8,2,1,NaN
25,8,3,0,NaN
25,8,3,1,NaN
25,9,0,0,NaN
25,9,0,1,NaN
25,9,1,0,NaN
25,9,1,1,NaN
25,9,2,0,NaN
25,9,2,1,NaN
25,9,3,0,NaN
25,9,3,1,NaN
26,0,0,0,NaN
26,0,0,1,NaN
26,0,1,0,NaN
26,0,1,1,NaN
26,0,2,0,NaN
26,0,2,1,NaN
26,0,3,0,NaN
26,0,3,1,NaN
26,1,0,0,NaN
26,1,0,1,NaN
26,1,1,0,NaN
26,1,1,1,NaN
26,1,2,0,NaN
26,1,2,1,NaN
26,1,3,0,NaN
26,1,3,1,NaN
26,2,0,0,NaN
26,2,0,1,NaN
26,2,1,0,NaN
26,2,1,1,NaN
26,2,2,0,NaN
26,2,2,1,NaN
26,2,3,0,NaN
26,2,3,1,NaN
26,3,0,0,NaN
26,3,0,1,NaN
26,3,1,0,NaN
26,3,1,1,NaN
26,3,2,0,NaN
26,3,2,1,NaN
26,3,3,0,NaN
26,3,3,1,NaN
26,4,0,0,NaN
26,4,0,1,NaN
26,4,1,0,NaN
26,4,1,1,NaN
26,4,2,0,NaN
26,4,2,1,NaN
26,4,3,0,NaN
26,4,3,1,NaN
26,5,0,0,NaN
26,5,0,1,NaN
26,5,1,0,NaN
26,5,1,1,NaN
26,5,2,0,NaN
26,5,2,1,NaN
26,5,3,0,NaN
26,5,3,1,NaN
26,6,0,0,NaN
26,6,0,1,NaN
26,6,1,0,NaN
26,6,1,1,NaN
26,6,2,0,NaN
26,6,2,1,NaN
26,6,3,0,NaN
26,6,3,1,NaN
26,7,0,0,NaN
26,7,0,1,NaN
26,7,1,0,NaN
26,7,1,1,NaN
26,7,2,0,NaN
26,7,2,1,NaN
26,7,3,0,NaN
26,7,3,1,NaN
26,8,0,0,NaN
26,8,0,1,NaN
26,8,1,0,NaN
26,8,1,1,NaN
26,8,2,0,NaN
26,8,2,1,NaN
26,8,3,0,NaN
26,8,3,1,NaN
26,9,0,0,NaN
26,9,0,1,NaN
26,9,1,0,NaN
26,9,1,1,NaN
26,9,2,0,NaN
26,9,2,1,NaN
26,9,3,0,NaN
26,9,3,1,NaN
27,0,0,0,NaN
27,0,0,1,NaN
27,0,1,0,1.9042980065453302E7
27,0,1,1,NaN
27,0,2,0,NaN
27,0,2,1,NaN
27,0,3,0,NaN
27,0,3,1,NaN
27,1,0,0,NaN
27,1,0,1,NaN
27,1,1,0,NaN
27,1,1,1,NaN
27,1,2,0,NaN
27,1,2,1,NaN
27,1,3,0,NaN
27,1,3,1,NaN
27,2,0,0,NaN
27,2,0,1,NaN
27,2,1,0,NaN
27,2,1,1,NaN
27,2,2,0,NaN
27,2,2,1,NaN
27,2,3,0,NaN
27,2,3,1,NaN
27,3,0,0,NaN
27,3,0,1,NaN
27,3,1,0,NaN
27,3,1,1,NaN
27,3,2,0,NaN
27,3,2,1,NaN
27,3,3,0,NaN
27,3,3,1,NaN
27,4,0,0,NaN
27,4,0,1,NaN
27,4,1,0,1.4983417187174829E7
27,4,1,1,NaN
27,4,2,0,NaN
27,4,2,1,NaN
27,4,3,0,NaN
27,4,3,1,NaN
27,5,0,0,NaN
27,5,0,1,NaN
27,5,1,0,NaN
27,5,1,1,NaN
27,5,2,0,NaN
27,5,2,1,NaN
27,5,3,0,NaN
27,5,3,1,NaN
27,6,0,0,NaN
27,6,0,1,NaN
27,6,1,0,1.345110940453997E7
27,6,1,1,NaN
27,6,2,0,NaN
27,6,2,1,NaN
27,6,3,0,NaN
27,6,3,1,NaN
27,7,0,0,NaN
27,7,0,1,NaN
27,7,1,0,NaN
27,7,1,1,NaN
27,7,2,0,NaN
27,7,2,1,NaN
27,7,3,0,NaN
27,7,3,1,NaN
27,8,0,0,NaN
27,8,0,1,NaN
27,8,1,0,NaN
27,8,1,1,NaN
27,8,2,0,NaN
27,8,2,1,NaN
27,8,3,0,NaN
27,8,3,1,NaN
27,9,0,0,NaN
27,9,0,1,NaN
27,9,1,0,NaN
27,9,1,1,NaN
27,9,2,0,NaN
27,9,2,1,NaN
27,9,3,0,NaN
27,9,3,1,NaN
28,0,0,0,NaN
28,0,0,1,NaN
28,0,1,0,NaN
28,0,1,1,NaN
28,0,2,0,NaN
28,0,2,1,NaN
28,0,3,0,NaN
28,0,3,1,NaN
28,1,0,0,1.7858812612609223E7
28,1,0,1,NaN
28,1,1,0,NaN
28,1,1,1,NaN
28,1,2,0,NaN
28,1,2,1,NaN
28,1,3,0,NaN
28,1,3,1,NaN
28,2,0,0,NaN
28,2,0,1,NaN
28,2,1,0,NaN
28,2,1,1,NaN
28,2,2,0,NaN
28,2,2,1,NaN
28,2,3,0,NaN
28,2,3,1,NaN
28,3,0,0,NaN
28,3,0,1,NaN
28,3,1,0,NaN
28,3,1,1,NaN
28,3,2,0,NaN
28,3,2,1,NaN
28,3,3,0,NaN
28,3,3,1,NaN
28,4,0,0,NaN
28,4,0,1,NaN
28,4,1,0,NaN
28,4,1,1,NaN
28,4,2,0,NaN
28,4,2,1,NaN
28,4,3,0,NaN
28,4,3,1,NaN
28,5,0,0,NaN
28,5,0,1,NaN
28,5,1,0,NaN
28,5,1,1,NaN
28,5,2,0,NaN
28,5,2,1,NaN
28,5,3,0,NaN
28,5,3,1,NaN
28,6,0,0,NaN
28,6,0,1,NaN
28,6,1,0,NaN
28,6,1,1,NaN
28,6,2,0,NaN
28,6,2,1,NaN
28,6,3,0,NaN
28,6,3,1,NaN
28,7,0,0,NaN
28,7,0,1,NaN
28,7,1,0,NaN
28,7,1,1,NaN
28,7,2,0,NaN
28,7,2,1,NaN
28,7,3,0,NaN
28,7,3,1,NaN
28,8,0,0,NaN
28,8,0,1,NaN
28,8,1,0,NaN
28,8,1,1,NaN
28,8,2,0,NaN
28,8,2,1,NaN
28,8,3,0,NaN
28,8,3,1,NaN
28,9,0,0,NaN
28,9,0,1,NaN
28,9,1,0,NaN
28,9,1,1,NaN
28,9,2,0,NaN
28,9,2,1,NaN
28,9,3,0,NaN
28,9,3,1,NaN
